<?xml version="1.0"?>
<!DOCTYPE CodeBlocks_lexer_properties>
<CodeBlocks_lexer_properties>
        <Lexer name="C/C++"
                index="3"
                filemasks="*.c,*.cpp,*.cc,*.cxx,*.h,*.hpp,*.hh,*.hxx,*.inl,*.ipp,*.tcc">
                <Style name="Default"
                        index="0,11"
                        fg="0,0,0"
                        bg="255,255,255"
                        bold="0"
                        italics="0"
                        underlined="0"/>
                <Style name="Default (inactive)"
                        index="64,72,75"
                        fg="200,200,200"/>
                <Style name="Comment (normal)"
                        index="1,23,65,87"
                        fg="160,160,160"/>
                <Style name="Comment line (normal)"
                        index="2,66"
                        fg="190,190,230"/>
                <Style name="Comment (documentation)"
                        index="3,24,67,88"
                        fg="128,128,255"
                        bold="1"/>
                <Style name="Comment line (documentation)"
                        index="15,79"
                        fg="128,128,255"
                        bold="1"/>
                <Style name="Comment keyword (documentation)"
                        index="17,81"
                        fg="0,128,128"/>
                <Style name="Comment keyword error (documentation)"
                        index="18,82"
                        fg="128,0,0"/>
                <Style name="Number"
                        index="4"
                        fg="240,0,240"/>
                <Style name="Number (inactive)"
                        index="68"
                        fg="240,200,240"/>
                <Style name="Keyword"
                        index="5"
                        fg="0,0,160"
                        bold="1"/>
                <Style name="Keyword (inactive)"
                        index="69"
                        fg="135,135,200"
                        bold="1"/>
                <Style name="User keyword"
                        index="16"
                        fg="0,160,0"
                        bold="1"/>
                <Style name="User keyword (inactive)"
                        index="80"
                        fg="154,200,154"
                        bold="1"/>
                <Style name="Global classes and typedefs"
                        index="19"
                        fg="190,0,190"
                        bold="1"/>
                <Style name="Global classes and typedefs (inactive)"
                        index="83"
                        fg="190,137,190"
                        bold="1"/>
                <Style name="String"
                        index="6,12,20"
                        fg="0,0,255"/>
                <Style name="String (inactive)"
                        index="70,76"
                        fg="190,190,255"/>
                <Style name="Character"
                        index="7"
                        fg="224,160,0"/>
                <Style name="Character (inactive)"
                        index="71"
                        fg="224,206,159"/>
                <Style name="UUID"
                        index="8"
                        fg="0,0,0"/>
                <Style name="Preprocessor"
                        index="9"
                        fg="0,160,0"/>
                <Style name="Preprocessor (inactive)"
                        index="73"
                        fg="132,160,132"/>
                <Style name="Operator"
                        index="10"
                        fg="255,0,0"/>
                <Style name="Operator (inactive)"
                        index="74"
                        fg="255,200,200"/>
                <Style name="Selection"
                        index="-99"
                        bg="192,192,192"/>
                <Style name="Active line"
                        index="-98"
                        bg="255,255,160"/>
                <Style name="Breakpoint line"
                        index="-2"
                        bg="255,160,160"/>
                <Style name="Debugger active line"
                        index="-3"
                        bg="160,160,255"/>
                <Style name="Compiler error line"
                        index="-4"
                        bg="255,128,0"/>
                <Style name="Matching brace highlight"
                        index="34"
                        fg="0,0,0"
                        bg="128,255,255"
                        bold="1"/>
                <Style name="No matching brace highlight"
                        index="35"
                        fg="255,255,255"
                        bg="255,0,0"
                        bold="1"/>
                <Style name="wxSmith-generated code"
                        index="50"
                        fg="64,64,128"
                        italics="1"/>
                <Style name="wxSmith-generated code (inactive)"
                        index="114"
                        fg="133,133,172"
                        italics="1"/>
                <Keywords>
                        <!-- Primary keywords and identifiers -->
                        <Set index="0"
                            value="alignas alignof asm auto bool break case catch char char16_t char32_t
                                   class const const_cast constexpr continue decltype default delete do
                                   double dynamic_cast else enum explicit export extern false final float for
                                   friend goto if inline int long mutable namespace new noexcept nullptr
                                   operator override private protected public register reinterpret_cast return short
                                   signed sizeof static static_assert static_cast struct switch template
                                   this thread_local throw true try typedef typeid typename union unsigned
                                   using virtual void volatile wchar_t while

                                   int8_t uint8_t int16_t uint16_t int32_t uint32_t int64_t uint64_t
                                   int_least8_t uint_least8_t int_least16_t uint_least16_t
                                   int_least32_t uint_least32_t int_least64_t uint_least64_t
                                   int_fast8_t uint_fast8_t int_fast16_t uint_fast16_t
                                   int_fast32_t uint_fast32_t int_fast64_t uint_fast64_t
                                   intptr_t uintptr_t intmax_t uintmax_t
                                   wint_t wchar_t wctrans_t wctype_t size_t time_t"/>
                        <!-- and and_eq bitand bitor compl not not_eq or or_eq xor xor_eq -->
                        <!-- Secondary keywords and identifiers -->
                        <Set index="1"
                            value="__gnu_cxx accumulate add_const add_cv add_lvalue_reference add_pointer add_reference add_rvalue_reference add_volatile adjacent_difference adjacent_find aligned_storage Alignment alignment_of all_of allocate_shared allocator allocator_base allocator_chunklist allocator_fixed_size allocator_newdel allocator_suballoc allocator_unbounded allocator_variable_size any_of array assign at atomic_bool atomic_char atomic_char16_t atomic_char32_t atomic_compare_exchange_strong
                                   atomic_compare_exchange_strong_explicit atomic_compare_exchange_weak atomic_compare_exchange_weak_explicit atomic_exchange atomic_exchange_explicit atomic_fetch_add atomic_fetch_and atomic_fetch_or atomic_fetch_sub atomic_fetch_xor atomic_int atomic_int_fast16_t atomic_int_fast32_t atomic_int_fast64_t atomic_int_fast8_t atomic_int_least16_t atomic_int_least32_t atomic_int_least64_t atomic_int_least8_t atomic_intmax_t atomic_intptr_t atomic_is_lock_free atomic_llong
                                   atomic_load atomic_load_explicit atomic_long atomic_ptrdiff_t atomic_schar atomic_short atomic_size_t atomic_ssize_t atomic_store atomic_store_explicit atomic_uchar atomic_uint atomic_uint_fast16_t atomic_uint_fast32_t atomic_uint_fast64_t atomic_uint_fast8_t atomic_uint_least16_t atomic_uint_least32_t atomic_uint_least64_t atomic_uint_least8_t atomic_uintmax_t atomic_uintptr_t atomic_ullong atomic_ulong atomic_ushort atomic_wchar_t auto_ptr back back_insert_iterator
                                   back_item bad_alloc bad_function_call bad_weak_ptr basic_filebuf basic_fstream basic_ifstream basic_ofstream basic_regex basic_streambuf basic_string begin bernoulli_distribution bidirectional_iterator_tag binary_function binary_negate binary_search bind bind1st bind2nd binder1st binder2nd binomial_distribution bit_and bit_or bit_xor bitset boost cache_chunklist cache_freelist cache_suballoc cauchy_distribution cbegin cend cerr char_traits checked_array_iterator
                                   checked_uninitialized_copy checked_uninitialized_fill_n chi_squared_distribution cin clear codecvt codecvt_base codecvt_byname codecvt_mode codecvt_utf16 codecvt_utf8 codecvt_utf8_utf16 collate collate_byname common_type compare_exchange_strong compare_exchange_weak complex condition_variable conditional const_iterator const_mem_fun_ref_t const_mem_fun_t const_mem_fun1_ref_t const_mem_fun1_t const_pointer_cast const_reference const_reverse_iterator copy copy_backward
                                   copy_if copy_n count count_if cout crbegin cref crend ctype ctype_base ctype_byname decay declare_no_pointers declare_reachable declval default_delete default_random_engine deque difference_type discard_block discard_block_engine discrete_distribution divides domain_error dynamic_pointer_cast empty enable_if enable_shared_from_this end endl equal equal_range equal_to EqualityComparable erase error_category error_code error_condition exception exponential_distribution
                                   extent extreme_value_distribution fetch_add fetch_and fetch_or fetch_sub fetch_xor filebuf fill fill_n find find_end find_first_of find_first_not_of find_if find_if_not find_last_of find_last_not_of fisher_f_distribution float_denorm_style float_round_style for_each forward forward_iterator_tag forward_list freelist front front_insert_iterator front_item fstream function gamma_distribution generate generate_n generic_container generic_iterator generic_reverse_iterator
                                   generic_value geometric_distribution get_deleter get_pointer_safety get_temporary_buffer greater greater_equal has_nothrow_assign has_nothrow_constructor has_nothrow_copy has_nothrow_copy_assign has_nothrow_copy_constructor has_nothrow_default_constructor has_trivial_assign has_trivial_constructor has_trivial_copy has_trivial_copy_assign has_trivial_copy_constructor has_trivial_default_constructor has_trivial_destructor has_virtual_destructor hash hash_map hash_set
                                   ifstream includes independent_bits_engine initializer_list inner_product inplace_merge input_iterator_tag insert insert_iterator integral_constant invalid_argument ios_base iostream is_abstract is_arithmetic is_array is_base_of is_bind_expression is_class is_compound is_const is_constructible is_convertible is_empty is_enum is_error_code_enum is_error_condition_enum is_explicitly_convertible is_floating_point is_function is_fundamental is_heap is_heap_until is_integral
                                   is_literal_type is_lock_free is_lvalue_reference is_member_function_pointer is_member_object_pointer is_member_pointer is_nothrow_constructible is_object is_partitioned is_placeholder is_pod is_pointer is_polymorphic is_reference is_rvalue_reference is_same is_scalar is_signed is_sorted is_sorted_until is_standard_layout is_trivial is_union is_unsigned is_void is_volatile istream istream_iterator istreambuf_iterator iter_swap iterator iterator_traits knuth_b length_error
                                   less less_equal LessThanComparable lexicographical_compare linear_congruential linear_congruential_engine list locale logic_error logical_and logical_not logical_or lognormal_distribution lower_bound make_checked_array_iterator make_heap make_shared make_signed make_unsigned map match_results max max_element max_fixed_size max_none max_unbounded max_variable_size mem_fn mem_fun mem_fun_ref mem_fun_ref_t mem_fun_t mem_fun1_ref_t mem_fun1_t merge mersenne_twister
                                   mersenne_twister_engine messages messages_base messages_byname min min_element minmax minmax_element minstd_rand minstd_rand0 minus mismatch modulus money_base money_get money_put moneypunct moneypunct_byname move move_backward move_iterator mt19937 mt19937_64 multimap multiplies multiset negate negative_binomial_distribution new_handler next_permutation none_of normal_distribution not_equal_to not1 not2 nothrow nothrow_t npos nth_element num_get num_put numeric_limits
                                   numpunct numpunct_byname ofstream ostream_iterator ostreambuf_iterator out_of_range output_iterator_tag overflow_error owner_less pair partial_sort partial_sort_copy partial_sum partition partition_copy partition_point piecewise_constant_distribution piecewise_linear_distribution plus pointer_safety pointer_to_binary_function pointer_to_unary_function poisson_distribution pop_back pop_front pop_heap prev_permutation priority_queue ptr_fun push_back push_front push_heap
                                   queue random_access_iterator_tag random_device random_shuffle range_error rank ranlux_base_01 ranlux24 ranlux24_base ranlux3 ranlux3_01 ranlux4 ranlux4_01 ranlux48 ranlux48_base ranlux64_base_01 ratio ratio_add ratio_divide ratio_multiply ratio_subtract raw_storage_iterator rbegin rdbuf ref reference reference_wrapper regex regex_constants regex_error regex_iterator regex_token_iterator regex_traits remove remove_all_extents remove_const remove_copy remove_copy_if
                                   remove_cv remove_extent remove_if remove_pointer remove_reference remove_volatile rend replace replace_copy replace_copy_if replace_if requires resize result_of return_temporary_buffer reverse reverse_copy reverse_iterator rotate rotate_copy rts_alloc runtime_error search search_n seed_seq set set_difference set_intersection set_new_handler set_symmetric_difference set_union setprecision setw shared_ptr shuffle_order_engine size size_type sort sort_heap stable_partition
                                   stable_sort stack static_pointer_cast std streambuf string stringstream student_t_distribution sub_match substr subtract_with_carry subtract_with_carry_01 subtract_with_carry_engine swap swap_ranges sync_none sync_per_container sync_per_thread sync_shared system_error time_base time_get time_get_byname time_put time_put_byname to_array tr1 transform tuple tuple_element tuple_size type_info unary_function unary_negate unchecked_uninitialized_copy
                                   unchecked_uninitialized_fill_n undeclare_no_pointers undeclare_reachable underflow_error uniform_int uniform_int_distribution uniform_real uniform_real_distribution uninitialized_copy uninitialized_copy_n uninitialized_fill uninitialized_fill_n unique unique_copy unique_ptr unordered_map unordered_multimap unordered_multiset unordered_set upper_bound valarray value_type variate_generator vector wcerr wcin wcout weak_ptr weibull_distribution wfilebuf wfstream wifstream
                                   wiostream wistream wofstream wregex xor_combine"/>
                        <!-- Documentation comment keywords -->
                        <Set index="2"
                            value="a addindex addtogroup anchor arg attention
                                   author b brief bug c class code date def defgroup deprecated
                                   dontinclude e em endcode endhtmlonly endif endlatexonly endlink
                                   endverbatim enum example exception f$ f[ f] file fn
                                   hideinitializer htmlinclude htmlonly if image include ingroup
                                   internal invariant interface latexonly li line link mainpage name
                                   namespace nosubgrouping note overload p page par param param[in]
                                   param[out] param[in,out] post pre ref relates remarks return
                                   retval sa section see showinitializer since skip skipline struct
                                   subsection test throw todo typedef union until var verbatim
                                   verbinclude version warning weakgroup
                                   $ @ \ &amp; &lt; &gt;  # { }"/>
                        <!-- wxSmith block identifiers -->
                        <Set index="6"
                            value="^AppHeaders ^AppInitialize ^Declarations ^Destroy ^EventTable ^Handlers
                                   ^Headers ^IdInit ^Identifiers ^Initialize ^InternalHeaders"/>
                </Keywords>
                <SampleCode value="lexer_cpp.sample"
                        breakpoint_line="20"
                        debug_line="22"
                        error_line="23"/>
                <LanguageAttributes
                    LineComment="//"
                    DoxygenLineComment="///"
                    StreamCommentStart="/*"
                    StreamCommentEnd="*/"
                    DoxygenStreamCommentStart="/**"
                    DoxygenStreamCommentEnd="*/"
                    BoxCommentStart="/* "
                    BoxCommentMid=" * "
                    BoxCommentEnd=" */"
                    CaseSensitive="1"
                    LexerCommentStyles="1,2,3,15,17,18,23,65,66,67,79,81,82,87"
                    LexerCharacterStyles="7,71"
                    LexerStringStyles="6,12,70,76"
                    LexerPreprocessorStyles="9,73"/>
        </Lexer>
</CodeBlocks_lexer_properties>
